﻿<?xml version="1.0" encoding="utf-8" ?>
<CreditReversal>
  <Connection>
     Data Source=(local);Min Pool Size=0;Max Pool Size=100;Pooling=true;Initial Catalog=CreditRepair; User ID=CreditRepair;Password=am9fctNYPA
  </Connection>
  <SendGridAPIKey>
    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
  </SendGridAPIKey>
  <fromemail>
    testm3consulting@gmail.com
  </fromemail>
  <AuthApiLoginId>
    69QD4mbp
  </AuthApiLoginId>
  <ApiTransactionKey>
    44d37Zb73aCNmBAL
  </ApiTransactionKey>
  <SecretKey>
    Simon
  </SecretKey>
  <Environment>
    SANDBOX
  </Environment>
</CreditReversal>
